Repo;Q_path;MetaName;MetaDescription;MetaKey;ScriptName;Script;Images ;Class/Book;Commentar
QuantLet/Ms_Th_Predict_Poll_From_Emotions;Same;Ms_Th_Predict_Poll_From_Emotions;Plots the descriptive statistics of the Master Thesis : Predicting Poll trends with facial emotions.;Neural Network, Multi Layer Perceptron, French Presidential Election 2017, Microsoft Emotion API;Ms_Th_Predict_Poll_From_Emotions/Ms_Th_Predict_Poll_From_Emotions.ipynb;ipynb;2;Thesis;"Image in the notebook; add the comment"
QuantLet/SFM_Class_2018_smart_contracts;Parent;;;;;;;;
QuantLet/SFM_Class_2018_smart_contracts;SFM_Class_2018_smart_contracts/SFM_Class_2018_Clustering_of_SContracts/;SFM_Class_2018_Clustering_of_SContracts;Clustering Ethereum Smart Contracts;Ethereum, clustering, source code, kmeans, tsne, smart contracts, blockchain, crypto;SFM_Class_2018_smart_contracts/SFM_Class_2018_Clustering_of_SContracts/SFM_Class_2018_Clustering_of_SContracts.ipynb;ipynb;1;SFM-class;
QuantLet/SFM_Class_2018_smart_contracts;SFM_Class_2018_smart_contracts/SFM_Class_2018_Scrape_API_SContracts/;SFM_Class_2018_Scrape_API_SContracts;Scrape the Etherscan API to get source code of smart contracts given the list of their hashes;crypto, scraping, fintech, Ethereum, API, Solidity, source code;SFM_Class_2018_smart_contracts/SFM_Class_2018_Scrape_API_SContracts/SFM_Class_2018_Scrape_API_SContracts.ipynb;ipynb;0;SFM-class;
QuantLet/SFM_Class_2018_smart_contracts;SFM_Class_2018_smart_contracts/SFM_Class_2018_filter_SContracts/;SFM_Class_2018_filter_SContracts;From Source codes of Ethereum Smart Contracts create a data frame with features such as comments, source code, functions;parsing, text mining, source code, Solidity, fintech, Ethereum;SFM_Class_2018_smart_contracts/SFM_Class_2018_filter_SContracts/SFM_Class_2018_filter_SContracts.ipynb;ipynb;0;SFM-class;
QuantLet/DT_AlphaShape;Parent;;;;;;;;
QuantLet/DT_AlphaShape;DT_AlphaShape/A-Shape_CRIX_VCRIX/;A-Shape_CRIX_VCRIX;Several plots of Alpha Shapes over the scatter plot 0x=CRIX vs. 0y=VCRIX for different values of Alpha;Alpha shape, CRIX, VCRIX, visualization;DT_AlphaShape/A-Shape_CRIX_VCRIX/A-Shape_CRIX_VCRIX.ipynb;ipynb;1;;
QuantLet/DT_AlphaShape;DT_AlphaShape/A-Shape_Crystal/;A-Shape_Crystal;Delaunay Triangulation over a set of 10 points. Several plots of Alpha shapes over the same 10 points for different values of Alpha;Delaunay Triangulation, Alpha shape, visualization;DT_AlphaShape/A-Shape_Crystal/A-Shape_Crystal.ipynb;ipynb;1;;
QuantLet/DT_AlphaShape;DT_AlphaShape/TS_CRIX_VCRIX/;TS_CRIX_VCRIX;"Time Series of daily CRIX data in the period 2 May 2016 to 10 Nov 2018; all together 923 data points Time Series of the VCRIX (CRIX volatility";Time Series, CRIX, VCRIX, visualization;DT_AlphaShape/TS_CRIX_VCRIX/TS_CRIX_VCRIX.ipynb;ipynb;1;;
QuantLet/HedgingCRIX;Same;HedgingCrix_models_paths;Simulation of Euler discretized hedge models including the Geometric Brownian Motion (Black-Scholes), Merton Jump, Diffusion and the dynamics under Heston's Stochastic Volatility Model.;Black Scholes, Merton jump diffusion, Stochastic Volatility, Heston Model, volatility, process, Euler discretization, jumps;HedgingCRIX/HedgingCrix_models_paths.ipynb;ipynb;1;;
QuantLet/SVCJ_MC-1;Same;SVCJ_MC-1;Simulation of the Euler-discretized Stochastic Volatility with Correlated Jumps model and Monte Carlo Option Pricing;Euler discretization, Monte Carlo Option Pricing, SVCJ, Darrel Duffie, simulation, monte carlo ;SVCJ_MC-1/SVCJ_MC.ipynb;ipynb;1;;
QuantLet/SDA_2021_HeartFailure;Same;SDA_2021_HeartFailure;This project aims to predict the death of patients suffering from heart disease. In this way, it might be possible to adapt the treatments and maybe avoid heart failures in some cases.;heart failure, death prediction, EDA, logistic regression, Decision classification tree, Random Forest Feature Selection, Test Accuracy;SDA_2021_HeartFailure/SDA_project_Oezocku_Therry.ipynb;ipynb;2;;
QuantLet/BERT;Same;BERT;Generate plots to illustrate the BERT result and importance of words;NLP, word annotation, DL, transformers,  text classification, reddit, bitcoin;BERT/BERT.ipynb;ipynb;1;METIS;
QuantLet/Stat_fin_markets;Parent;;;;;;;SFM-book;
QuantLet/Stat_fin_markets;Stat_fin_markets/SFM_excess_losses/;SFM_GDP_excess_losses;This program fits Generalized Pareto Distributions to excess losses of stock/index.;Extreme Value Theory, Pareto, excess, losses;Stat_fin_markets/SFM_excess_losses/SFM_GPD_excess_losses.ipynb;ipynb;1;SFM-book;
QuantLet/Stat_fin_markets;Stat_fin_markets/SFM_Year_effect_bitcoin/;SFM_Year_effect_bitcoin;This anomaly describes the increase in the prices of the Bitcoin  in the last week of December and the first half month of January.;Bitcoin, Finance, Year effect, EMH anomaly;Stat_fin_markets/SFM_Year_effect_bitcoin/SFM_Year_effect_bitcoin.ipynb;ipynb;1;SFM-book;
QuantLet/Stat_fin_markets;Stat_fin_markets/SFM_Week_effect_bitcoin/;SFM_Week_effect_bitcoin;Hypothesis: The bitcoin prices are likely to fall on Monday, i.e. the closing price of Monday is less than the bitcoin price of the previous Friday.;Bitcoin, Finance, Week effect, EMH anomaly;Stat_fin_markets/SFM_Week_effect_bitcoin/SFM_Week_effect_bitcoin.ipynb;ipynb;1;SFM-book;
QuantLet/Stat_fin_markets;Stat_fin_markets/SFM_Sim_Pareto_like/;SFM_Sim_Pareto_like;SFM_Sim_pareto simulates Y=-X ~ Pareto distribution.;Pareto, density, simulation;Stat_fin_markets/SFM_Sim_Pareto_like/SFM_Sim_Pareto_like.ipynb;ipynb;1;SFM-book;
QuantLet/Stat_fin_markets;Stat_fin_markets/SFM_Sim_Pareto/;SFM_Sim_pareto;SFM_Sim_pareto simulated a Pareto distribution.;Pareto, density, simulation;Stat_fin_markets/SFM_Sim_Pareto/SFM_Sim_pareto.ipynb;ipynb;1;SFM-book;
QuantLet/Stat_fin_markets;Stat_fin_markets/SFM_Quant_fin/;SFM_Quant_fin;Analysis of the evolution of prices of shares of AAPL, AMZN, GOOG, FB, NFLX, MSFT, SPY between 2013 and 2019.;evolution, daily returns, cumulative returns, bollinger bands, volatility, random walk, risk;Stat_fin_markets/SFM_Quant_fin/SFM_Quant_fin.ipynb;ipynb;1;SFM-book;Images also in the notebook 
QuantLet/Stat_fin_markets;Stat_fin_markets/SFM_Pareto_Tail/;SFM_Pareto_tail;Estimates the parameters of Pareto-like distribution for the left  tail of log-returns.;Pareto, tail, log-return;Stat_fin_markets/SFM_Pareto_Tail/SFM_Pareto_tail.ipynb;ipynb;1;SFM-book;Images also in the notebook 
QuantLet/Stat_fin_markets;Stat_fin_markets/SFM_MND/;SFM_MND;Simulates a bivariate Normal distribution.;Normal, bivariate, density;Stat_fin_markets/SFM_MND/SFM_MND.ipynb;ipynb;1;SFM-book;
QuantLet/Stat_fin_markets;Stat_fin_markets/SFM_Implied_vola/;SFM_Implied_vola;Estimates the implied volatility for the Black-Scholes formula, using the Newton-Raphson method.;Black-Scholes, Newton-Rapshon, volatility, implied;Stat_fin_markets/SFM_Implied_vola/SFM_Implied_vola.ipynb;ipynb;0;SFM-book;
QuantLet/Stat_fin_markets;Stat_fin_markets/SFM_Gen_Pareto/;SFM_Gen_Pareto;SFM_Gen_Pareto simulates Generalized Pareto Distributions: Pareto, Exponential, Pareto II.;Pareto, Exponential, Pareto II, simulation, distribution;Stat_fin_markets/SFM_Gen_Pareto/SFM_Gen_Pareto.ipynb;ipynb;1;SFM-book;
QuantLet/Stat_fin_markets;Stat_fin_markets/SFM_GEV_Distribution/;SFM_GEV_distribution;Simulates the following GEV Distributions: Weibull, Frechet, Gumbel.;Weibull, Frechet, Gumbel, GEV, simulation;Stat_fin_markets/SFM_GEV_Distribution/SFM_GEV_distribution.ipynb;ipynb;1;SFM-book;
QuantLet/Stat_fin_markets;Stat_fin_markets/SFM_Ext_ret/;SFM_Ext_ret;This program tests the hypothesis that the DJIA log-returns are drawn from a Normal distribution and estimates the probability of extreme negative returns.;Normal distribution, extreme returns, DIJA, statistical test;Stat_fin_markets/SFM_Ext_ret/DJIA_extreme_returns.ipynb;ipynb;1;SFM-book;
QuantLet/Stat_fin_markets;Stat_fin_markets/SFM_ES_Pareto/;SFM_ES_Pareto;This quantlet estimates Tail Entropy Expected Shortfall for a Pareto Distribution.;Pareto, entropy, expected shortfall, tail entropy, estimation, bootstrap;Stat_fin_markets/SFM_ES_Pareto/SFM_ES_Pareto.ipynb;ipynb;1;SFM-book;
QuantLet/Stat_fin_markets;Stat_fin_markets/SFM_EMH_Tests/;SFM_EMH_tests;Implements the statistics tests, Variance Ratio Test;Bartell, EMH, random walk, Variance Ratio Test, Ljung-Box, Von-Newmann, statistical test;Stat_fin_markets/SFM_EMH_Tests/VR_test_hetero.ipynb;ipynb;0;SFM-book;"not complete; add the comment"
QuantLet/Stat_fin_markets;Stat_fin_markets/SFM_Block_maxima_GEV/;SFM_Block_maxima_GEV;This program applies the Block Maxima method to annual losses of DJIA.;Extreme Value Theory, Block Maxima, log-returns, losses.;Stat_fin_markets/SFM_Block_maxima_GEV/SFM_Block_maxima_GEV.ipynb;ipynb;1;SFM-book;
QuantLet/SVCJ_MC;Same;SVCJ_MC;Simulation of the Euler-discretized Stochastic Volatility with Correlated Jumps model and Monte Carlo Option Pricing;Euler discretization, Monte Carlo Option Pricing, SVCJ, Darrel Duffie, Cryptocurrencies;SVCJ_MC/SVCJ_MC.ipynb;ipynb;1;;
QuantLet/SC;Parent;;;;;ipynb;;METIS;
QuantLet/SC;SC/SC_Animation/;SC_Animation;This code create images for the animation that shows the connection between eigenvalues of Laplacian matrix and the number of connected components in the graph;Graph theory, spectral clustering, clustering, plot, animation, laplacian, graph, eigenvalues;SC/SC_Animation/SC Animation .ipynb;ipynb;3;METIS;subfolder
QuantLet/SC;SC/SC_KMeansVsSC/;SC_KMeansVsSC;This code is modified and simpler version of original code available on scikit learn python library. The codes creates a dataset of noisy circles and performs clustering using K-means and SC;Graph theory, spectral clustering, clustering, plot, animation, laplacian, graph, eigenvalues, K means, noisy circles, scikit learn;SC/SC_KMeansVsSC/KMeansVsSC.ipynb;ipynb;1;METIS;
QuantLet/SC;SC/SC_QuantletData/;SC_QuantletData;The code uses the keywords from Quantlet data, tokenizes the words to vectors and applies spectral clustering using scikit python library to cluster the quantlets into different number of clusters. It also uses PCA and TSNE for visualisation of the clusters;Quantlet, Graph theory, spectral clustering, clustering, plot, animation, laplacian, graph, eigenvalues, K means, noisy circles, scikit learn, PCA, TSNE;SC/SC_QuantletData/SC_QuantnetData.ipynb;ipynb;3;METIS;subfolder
QuantLet/SC;SC/SC_TheoreticalExample/;SC_TheoreticalExample;This code provides a step-wise example of Spectral Clustering and uses simple linear algebra to perform SC on a hand-made simple theoretical example;Graph theory, spectral clustering, clustering, eigenvalues, eigenvectors, laplacians, matrices;SC/SC_TheoreticalExample/SC_TheoreticalExample.ipynb;ipynb;0;METIS;
QuantLet/SDA_2020_Giessen;Parent;;;;;;;;
QuantLet/SDA_2020_Giessen;SDA_2020_Giessen/SDA_2020_Giessen_WigglyAnimal/;SDA_2020_Giessen_Bird_Fourier;Animated Illustration of the elephant moving his trunk using Fourier;Animation, visualization, fourier;SDA_2020_Giessen/SDA_2020_Giessen_WigglyAnimal/SDA_2020_Giessen_Bird_Fourier.ipynb;ipynb;0;;
QuantLet/USC;Parent;;;;;;;;
QuantLet/USC;USC/SC_Network/;EtherNet_Visualization;Smart Contracts Network Parameters Visualization;hash,  fintech, Ethereum, visualization, time series;USC/SC_Network/EtherNet_Visualization.ipynb;ipynb;3;;subfolder
QuantLet/USC;USC/SC-Dapp-scraping/;SC_Dapp_scraping-1;the code for downloading the list of Ethereum DApps and hashes for each Dapp using the stateofthedapps API;API, scraping, Ethereum, smart contracts, stateofthedapps;USC/SC-Dapp-scraping/SC_Dapp_scraping.ipynb;ipynb;0;;It is better to split them into 4 Qs
QuantLet/USC;USC/SC-Dapp-scraping/;SC_Dapp_scraping-2;the code to download the source codes of open source verified Solidity Smart Contracts using API of Etherscan;API, scraping, Ethereum, smart contracts, Etherscan, source code;USC/SC-Dapp-scraping/SC_Dapp_source_codes_scraping.ipynb;ipynb;0;;It is better to split them into 4 Qs
QuantLet/USC;USC/SC-Dapp-scraping/;SC_Dapp_scraping-3;parsing the open source  codes of smart contracts  using regex Solidity;parsing, Ethereum, smart contracts, Etherscan, source code, regex;USC/SC-Dapp-scraping/SC_Dapp_source_codes_parsing.ipynb;ipynb;0;;It is better to split them into 4 Qs
QuantLet/USC;USC/SC-Dapp-scraping/;SC_Dapp_scraping-4;code to check how many source codes have different DApps;preprocessing, stateofthedapps, merging, smart contract, sampling;USC/SC-Dapp-scraping/SC_Dapp_contracts_per_Dapp.ipynb;ipynb;0;;Can be deleted. It is better to split them into 4 Qs
QuantLet/USC;USC/SC-classification-significance/;SC-classification-significance;statistical test of the difference in performance of different training modes. The wilcoxon test is used.;machine learning, source code, significance testing, nonparametrics, wilcoxon, statistical testing;USC/SC-classification-significance/SC-classification-significance.ipynb;ipynb;1;;It is better to split into 5 Qs
QuantLet/USC;USC/SC-classification/;SC_classification-1;traditional ML methods on the Solidity source code. classification of the Solidity smart contracts;ML on source code, NLP, source code, classification, traditional machine learning;USC/SC-classification/SC-classification.ipynb;ipynb;2;;It is better to split into 5 Qs
QuantLet/USC;USC/SC-classification/;SC_classification-2;DL methods on the Solidity source code. classification of the Solidity smart contracts;ML on source code, NLP, source code, classification, DL;USC/SC-classification/SC-classification-DL.ipynb;ipynb;0;;It is better to split into 5 Qs
QuantLet/USC;USC/SC-classification/;SC_classification-3;BERT transformer method on the Solidity source code. Classification of the Solidity smart contracts;ML on source code, NLP, source code, classification, DL, transformers, BERT;USC/SC-classification/SC-classification-BERT.ipynb;ipynb;0;;It is better to split into 5 Qs
QuantLet/USC;USC/SC-classification/;SC_classification-4;traditional ML methods on the Solidity source code. classification of the Solidity smart contracts using extracted features;ML on source code, NLP, source code, preprocessing, feature engineering, feature extraction, regex, classification;USC/SC-classification/SC-classification-code-features.ipynb;ipynb;2;;It is better to split into 5 Qs
QuantLet/USC;USC/SC-classification/;SC_classification-5;Visualization of result of unlabelled data classified.  ;UMAP, dimesionality reduction, classification, NLP, ML on source code;USC/SC-classification/SC-classification-plot.ipynb;ipynb;2;;It is better to split into 5 Qs
QuantLet/USC;USC/SC-classification/;SC_classification-6;Classification of unlabelled data using Ridge logistic regression. ;ML on source code, NLP, source code, classification, traditional machine learning;USC/SC-classification/SC-classification-unlabelled.ipynb;ipynb;1;;It is better to split into 5 Qs
QuantLet/USC;USC/SC-energy-consumption/;SC_energy_consumption;Ethereum energy consumption time-series visualization;energy, visualization, time-series, Ethereum, smart contracts;USC/SC-energy-consumption/SC_energy_consumption.ipynb;ipynb;1;;
QuantLet/USC;USC/SC-literature-research/;SC_literature_research-1;EDA of the Literature Research using its keywords and ist visualization ;EDA, Scopus, literature research, wordcloud, plotting;USC/SC-literature-research/SC_literature_research.ipynb;ipynb;3;;It is better to split to 2 Qs. subfolder
QuantLet/USC;USC/SC-literature-research/;SC_literature_research-2;Clustering of the existing research, using Distilbert embeddings, UMAP dimensionality reduction and K-Means clustering, as well as ist visualization;Scopus, literature research, DistilBERT, topic modelling, clustering, UMAP, K-Means, plotting;USC/SC-literature-research/BERT_Embeddings.ipynb;ipynb;3;;It is better to split to 2 Qs. subfolder
QuantLet/USC;USC/SC-open-source-scraping/;SC_open_source_scraping-1;Download the solidity smart contracts source code for open source projects from Etherscan using API;API,  scraping, Ethereum, Solidity, smart contracts, Etherscan;USC/SC-open-source-scraping/SC_open_source_scraping.ipynb;ipynb;0;;It is better to split to 2 Qs
QuantLet/USC;USC/SC-open-source-scraping/;SC_open_source_scraping-2;Parse solidity source code using regex;API, parsing,  regex, Ethereum, Solidity, smart contracts, Etherscan, preprocessing;USC/SC-open-source-scraping/SC_open_source_codes_parsing.ipynb;ipynb;0;;It is better to split to 2 Qs
QuantLet/USC;USC/SC-over-time/;SC_over_time-1;Visualization of the amount of Smart contracts created since the invention of Ethereum using the BigQuery data from Kaggle;Kaggle, BigQuery, visualization, time-series, source code, Solidity, smart contracts;;ipynb;2;;It is better to split to 2 Qs
QuantLet/USC;USC/SC-over-time/;SC_over_time-2;Visualization amount of smart contracts from stateofthedapps in time;stateofthedapps, visualization, time-series, source code,  smart contracts;USC/SC-over-time/BiG-Query.contracts-over-time.ipynb;ipynb;2;;It is better to split to 2 Qs
QuantLet/USC;USC/SC-topics-unlabelled/;SC_topics_unlabelled;Clustering of the unlabelled open source Ethereum Smart Contracts.;DistilBERT, topic modelling, clustering, UMAP, K-Means, comments, source code, Solidity, dimensionality reduction, ML on Source code;USC/SC-topics-unlabelled/SC-topics-unlabelled.ipynb;ipynb;3;;subfolder
QuantLet/UCC;UCC/Py/;UCC_py;Visualization of cryptocurrencies time series, as well as other traditional indices;crypto, time series, fintech, bitcoin, visualization;UCC/Py/UCC_py.ipynb;ipynb;1;;
QuantLet/loadcrix;Same;loadcrix;Load crix and vcrix data from a CSV file, preprocess and visualize;loading, CRIX, time series, visualization, preprocessing;loadcrix/crixvcrixts.ipynb;ipynb;0;;
QuantLet/PAC_CV_GCV;Same;PAC_CV_GCV;Fitting the bandwidth of Nadaraya-Watson estimator to simulated data on an interval using cross-validation and generalised cross-validation;smoothing, Nadaraya-Watson, cross-validation, generalised cross-validation, empirical error;PAC_CV_GCV/pac_cv_gcv.ipynb;ipynb;1;METIS;
QuantLet/Dimension-Reduction-Techniques;Same;UMAP_sim_ts;Simulates time series data (AR1, sine curve, white noise) and applies the UMAP VizTech to reflect local and global structure of the data. ;UMAP, VizTech, AR1, Dimension Reduction, Time Series, ARIMA;Dimension-Reduction-Techniques/UMAP_sim_ts.ipynb;ipynb;1;DEDA-class;
QuantLet/Portfolio_Diversification_Risk_Clustering;Portfolio_Diversification_Risk_Clustering/PDRPC_crypto_data/;PDRPC_crypto_data;Empirical results for crypto data. Clustering based on risk measuring variables, PCA or Factor Analysis. Select best crypto from each cluster and calculate Portfolio Allocation;cryptocurrency, clustering, PCA, Factor Analysis, Portfolio Allocation, PCA, factor analysis;Portfolio_Diversification_Risk_Clustering/PDRPC_crypto_data/PDRPC_crypto_data.ipynb;ipynb;0;Thesis;
QuantLet/Portfolio_Diversification_Risk_Clustering;Portfolio_Diversification_Risk_Clustering/PDRPC_simulation_study/;PDRPC_simulation_study;Simulate Time Series, calculate 12 risk measuring variables and use them as input for PCA/Factor Analysis. ;simulation, clustering, time series, PCA, Factor Analysis, Adjusted Rand Index, portfolio allocation, portfolio diversification;Portfolio_Diversification_Risk_Clustering/PDRPC_simulation_study/PDRPC_simulation_study.ipynb;ipynb;0;Thesis;
QuantLet/Portfolio_Diversification_Risk_Clustering;Portfolio_Diversification_Risk_Clustering/PDRPC_stock_data/;PDRPC_stock_data;Empirical results for stock data. Clustering based on risk measuring variables, PCA or Factor Analysis. Select best asset from each cluster and calculate Portfolio Allocation;stocks, clustering, PCA, Factor Analysis, Portfolio Allocation;Portfolio_Diversification_Risk_Clustering/PDRPC_stock_data/PDRPC_stock_data.ipynb;ipynb;0;Thesis;
QuantLet/SPM-ToDo;;;;;;;;;
QuantLet/SMS-ToDo;;;;;;;;;
QuantLet/MRS-ToDo;;;;;;;;;
QuantLet/alphashape_animation;Same;alphashape_animation;Animated illustration of alpha shapes for different values of alpha.;Alpha shape, animation, visualization, convex hull;alphashape_animation/Alpha Shapes.ipynb;ipynb;2;;
QuantLet/GAN_TS_stacking;Parent;;;;;;;;
QuantLet/GAN_TS_stacking;GAN_TS_stacking/CRIX_stacking/;CRIX_stacking;Time series data preparation for simulation and analysis with GAN. Visualisation with stacking image of the CRIX time series both for the original series and its log returns.;GAN, CRIX, time series, non stationarity, simulation, log returns;GAN_TS_stacking/CRIX_stacking/CRIX_stacking.ipynb;ipynb;1;;
QuantLet/GAN_TS_stacking;GAN_TS_stacking/GAN_TS/;GAN_TS;Appliaction of a simple GAN framework with Wasserstein loss on CRIX stacking images;WGAN, GAN, CRIX, time series, non stationarity, simulation, Wasserstein loss;GAN_TS_stacking/GAN_TS/GAN_TS.ipynb;ipynb;1;;
QuantLet/HClustering;Parent;;;;;;;METIS;
QuantLet/HClustering;HClustering/DEDA_HClustering_image_example_km/;DEDA_HClustering_image_example_km;Motivation example on image segmentation with k-means clustering: reads image, preprocess it and performs the kmeans clustering. Visualization of the segmentation results;Computer vision, image segmentation, k-means, clustering, visualization, dimensionality reduction;HClustering/DEDA_HClustering_image_example_km/DEDA_HClustering_image_example_km.ipynb;ipynb;1;METIS;
QuantLet/HClustering;HClustering/DEDA_HClustering_quantlets/;DEDA_HClustering_quantlet;Hierarchical clustering on quantlets: reads the data, preprocess it, performs hierarcical clustern, dimensionality reduction with PCA and visualization;Quantlets, hierarchical, k-means, clustering, PCA, dimensionality reduction, visualization;HClustering/DEDA_HClustering_quantlets/DEDA_HClustering_quantlet.ipynb;ipynb;;METIS;
QuantLet/HClustering;HClustering/DEDA_HClustering_tSNE_vs_PCA/;DEDA_HClustering_tSNE_vs_PCA;Explanatory example for dimensionality reduction t-SNE vs PCA accompanying the hierarchical clustering project: simulates the data performs dimensionality reduction with PCA and TSNE and visualization of results; Dimensionality reduction, t-SNE, PCA, clustering, visualization,  simulation;HClustering/DEDA_HClustering_tSNE_vs_PCA/HClustering_tSNE_vs_PCA.ipynb;ipynb;;METIS;
QuantLet/Spatial_Analysis;Parent;;;;;;;;
QuantLet/Spatial_Analysis;Spatial_Analysis/Spatial_Analysis_GeoPlot_Bezirke/;spatial_analysis_geoplot_bezirke;Plot geographic information on the municipal structure and historic divisions of Berlin;Spatial mapping, visualization, plotting, geospatial analysis, berlin city, geoplot, geopandas;Spatial_Analysis/Spatial_Analysis_GeoPlot_Bezirke/spatial_analysis_geoplot_bezirke.ipynb;ipynb;2;Thesis;
QuantLet/Spatial_Analysis;Spatial_Analysis/Spatial_Analysis_GeoPlot_Green/;spatial_analysis_geoplot_green;Plot geographic polygons of green spaces in the city of Berlin (data from Berlin Senate);Spatial mapping, visualization, plotting, geospatial analysis, berlin city, geoplot, geopandas;Spatial_Analysis/Spatial_Analysis_GeoPlot_Green/spatial_analysis_geoplot_green.ipynb;ipynb;2;Thesis;
QuantLet/Spatial_Analysis;Spatial_Analysis/Spatial_Analysis_GeoPlot_Transport/;spatial_analysis_geoplot_transport;Plot geographic linestring representations of public transport lines in the city of Berlin (data from VBB);Spatial mapping, visualization, plotting, geospatial analysis, berlin city, geoplot, geopandas, transport;Spatial_Analysis/Spatial_Analysis_GeoPlot_Transport/spatial_analysis_geoplot_transport.ipynb;ipynb;2;Thesis;
QuantLet/Spatial_Analysis;Spatial_Analysis/Spatial_Analysis_GeoPlot_Water/;spatial_analysis_geoplot_water;Plot geographic polygons of waterways and bodies of water in the city of Berlin (data from Berlin Senate);Spatial mapping, visualization, plotting, geospatial analysis, berlin city, geoplot, geopandas, water;Spatial_Analysis/Spatial_Analysis_GeoPlot_Water/spatial_analysis_geoplot_water.ipynb;ipynb;2;Thesis;
QuantLet/data_driven_controlling;Parent;;;;;;;;
QuantLet/data_driven_controlling;data_driven_controlling/LPA_Empiricalstudy/;LPA_Empiricalstudy;Applies the local parametric approach to detect change points, regime shifts and structural breaks in real life datasets and then compares the estimates from fixed rolling window estimates and LPA approach using RMSE. It also provides all the plots.;mergers & acquisitions, mergers, acquisitions, deals, poisson, time series, decomposition, forecasting, prediction, economics, estimation, adaptive parameters;data_driven_controlling/LPA_Empiricalstudy/LPA_Empiricalstudy.ipynb;ipynb;1;;
QuantLet/data_driven_controlling;data_driven_controlling/LPA_Simulations/;LPA_simulations;Creates simulation data for different scenarios mimicking the real life scenarios, applies the local parametric approach to detect change points, regime shifts and structural breaks and then compares the estimates from fixed rolling window estimates and LPA approach using RMSE. It also provides all the plots along with the confidence intervals;mergers & acquisitions, mergers, acquisitions, deals, poisson, time series, decomposition, forecasting, prediction, economics, estimation, adaptive parameters;data_driven_controlling/LPA_Simulations/LPA_Simulations.ipynb;ipynb;0;;
QuantLet/Metis-Shapley;Parent;;;;;;;;
QuantLet/Metis-Shapley;Metis-Shapley/Additive_Example/;Additive_Example;generate additive model and plot shapley values against both functions of the DGP.;Shapley, additive model, SHAP, Interpretability, Explainable AI, visualization;Metis-Shapley/Additive_Example/Additive_Example.ipynb;ipynb;2;METIS;
QuantLet/Metis-Shapley;Metis-Shapley/Boosting_example/;Boosting_example;Predict housing price using the Boston housing data set. Then calculate SHAP values and plot the respective figures.;Shapley, Boosting, SHAP, Interpretability, Explainable AI, xgboost, decision tree, ensemble, ML;Metis-Shapley/Boosting_example/Boosting_example.ipynb;ipynb;2;METIS;
QuantLet/Blockchain_mechanism;Parent;;;;;;;;
QuantLet/Blockchain_mechanism;Blockchain_mechanism/Blockchain_mechanism_clustering/;Blockchain_mechanism_clustering;Use distributional characteristics such as fourier power spectrum, moments, quantiles, global we optimums, as well as the measures for long term dependencies, risk and noise to summarise the information from crypto time series and conduct clustering via spectral clustering;Cryptocurrency, Blockchain mechanism , Distributional characteristics, Clustering, Box plot;Blockchain_mechanism/Blockchain_mechanism_clustering/Blockchain_mechanism_clustering.ipynb;ipynb;1;;
QuantLet/Blockchain_mechanism;Blockchain_mechanism/Blockchain_mechanism_plotting/;Blockchain_mechanism_plotting;Visualize time series crypto, plotting ;plotting, heatmap, crypto, blockchain;Blockchain_mechanism/Blockchain_mechanism_plotting/Blockchain_mechanism_plotting.py ;ipynb;1;;
QuantLet/Deribit_inverse_BTC_options_hedging;Same;Deribit_inverse_BTC_options_hedging;We focus on the inverse BTC options traded in Deribit and provide codes for calculating greeks under SV.;option pricing, inverse BTC option, stochastic volatility model, dynamic hedge, greek letter;Deribit_inverse_BTC_options_hedging/Deribit_inverse_BTC_options_hedging.ipynb;ipynb;0;;
QuantLet/SDA_2021_St_Gallen;Parent;;;;;;;;
QuantLet/SDA_2021_St_Gallen;SDA_2021_St_Gallen/SDA_2021_St_Gallen_Prediction_of_BTC_energy_consumption/;SDA_2021_St_Gallen_Prediction_of_BTC_energy_consumption-1;EDA and preprocessing of the bitcoin energy consumption time series, as well as other traditional financial indices.;BTC, Bitcoin, energy, time series, visualization;SDA_2021_St_Gallen/SDA_2021_St_Gallen_Prediction_of_BTC_energy_consumption/01_data_preprocessing_and_merging.ipynb;ipynb;2;SDA-class;Split it to multiple ones and store the parent one as well
QuantLet/SDA_2021_St_Gallen;SDA_2021_St_Gallen/SDA_2021_St_Gallen_Prediction_of_BTC_energy_consumption/;SDA_2021_St_Gallen_Prediction_of_BTC_energy_consumption-2;EDA of the bitcoin energy consumption time series, as well as BTC prices;BTC, Bitcoin, energy, price, visualization, time series;SDA_2021_St_Gallen/SDA_2021_St_Gallen_Prediction_of_BTC_energy_consumption/02_Descriptive_statistics.ipynb;ipynb;2;SDA-class;Split it to multiple ones and store the parent one as well
QuantLet/SDA_2021_St_Gallen;SDA_2021_St_Gallen/SDA_2021_St_Gallen_Prediction_of_BTC_energy_consumption/;SDA_2021_St_Gallen_Prediction_of_BTC_energy_consumption-3;Forecasting BTC energy time series using ARIMA. Performing statistical test on stationarity - Augmented Dickey–Fuller test. Viualize the results;BTC, Bitcoin, energy, ARIMA, forecasting, time series, statistical test, Augmented Dickey–Fuller test, visualization;SDA_2021_St_Gallen/SDA_2021_St_Gallen_Prediction_of_BTC_energy_consumption/03_forecast_ARIMA.ipynb;ipynb;2;SDA-class;Split it to multiple ones and store the parent one as well
QuantLet/SDA_2021_St_Gallen;SDA_2021_St_Gallen/SDA_2021_St_Gallen_Prediction_of_BTC_energy_consumption/;SDA_2021_St_Gallen_Prediction_of_BTC_energy_consumption-4;Forecasting BTC energy time series using LSTM. Performing scaling of the data. Viualize the results as well as the model;BTC, Bitcoin, energy, LSTM, DL, forecasting, time series, visualization, preprocessing, scaling;SDA_2021_St_Gallen/SDA_2021_St_Gallen_Prediction_of_BTC_energy_consumption/03_forecast_LSTM.ipynb;ipynb;2;SDA-class;Split it to multiple ones and store the parent one as well
QuantLet/SDA_2021_St_Gallen;SDA_2021_St_Gallen/SDA_2021_St_Gallen_Prediction_of_BTC_energy_consumption/;SDA_2021_St_Gallen_Prediction_of_BTC_energy_consumption-5;Forecasting BTC energy time series using VAR, VARMAX. Performing statistical test on stationarity - Augmented Dickey–Fuller test, as well as test for Granger Causality. Viualize the results;BTC, Bitcoin, energy, VARMAX, time series, forecasting, VAR, LSTM, visualization, statistical test, granger causality, Augmented Dickey–Fuller test;SDA_2021_St_Gallen/SDA_2021_St_Gallen_Prediction_of_BTC_energy_consumption/03_forecast_VAR.ipynb;ipynb;2;SDA-class;Split it to multiple ones and store the parent one as well
QuantLet/SDA_2021_St_Gallen;SDA_2021_St_Gallen/SDA_2021_St_Gallen_Prediction_of_BTC_energy_consumption/;SDA_2021_St_Gallen_Prediction_of_BTC_energy_consumption-6;Downloading, crawling the data from twitter;API, crawling, data downloading, scraping, tweepy, twitter;SDA_2021_St_Gallen/SDA_2021_St_Gallen_Prediction_of_BTC_energy_consumption/sentiment_analysis/01_twitter_crawling.ipynb;ipynb;0;SDA-class;Split it to multiple ones and store the parent one as well
QuantLet/SDA_2021_St_Gallen;SDA_2021_St_Gallen/SDA_2021_St_Gallen_Prediction_of_BTC_energy_consumption/;SDA_2021_St_Gallen_Prediction_of_BTC_energy_consumption-7;Load the previously crawled data and compute a sentiment per tweet based on the pretrained model Vader. Then aggregate the sentiment of the daily tweets to obtain a sentiment index.;sentiment analysis, vader, twitter, visualization;SDA_2021_St_Gallen/SDA_2021_St_Gallen_Prediction_of_BTC_energy_consumption/sentiment_analysis/02_sentiment_computation_tweets.ipynb;ipynb;2;SDA-class;Split it to multiple ones and store the parent one as well
QuantLet/SDA_2021_St_Gallen;SDA_2021_St_Gallen/SDA_2021_St_Gallen_Prediction_of_BTC_energy_consumption/;SDA_2021_St_Gallen_Prediction_of_BTC_energy_consumption-8;Loads BTC and ETH time series data and preprocess it for further analysis;data preprocessing, BTC, bitcoinm energy, ETH, ethereum, time series;SDA_2021_St_Gallen/SDA_2021_St_Gallen_Prediction_of_BTC_energy_consumption/backup/01_LSTM_data_preprocessing_web_scraping.ipynb;ipynb;0;SDA-class;Split it to multiple ones and store the parent one as well
QuantLet/SDA_2021_St_Gallen;SDA_2021_St_Gallen/SDA_2021_St_Gallen_Prediction_of_BTC_energy_consumption/;SDA_2021_St_Gallen_Prediction_of_BTC_energy_consumption-9;Loads BTC  energy data time series and visualizes it, as well as ist rolling mean and standard deviation STD;BTC, energy, visualization, statistics, mean, STD, time series;SDA_2021_St_Gallen/SDA_2021_St_Gallen_Prediction_of_BTC_energy_consumption/backup/02_Standard_deviation_AB.ipynb;ipynb;2;SDA-class;Split it to multiple ones and store the parent one as well
QuantLet/SDA_2021_St_Gallen;SDA_2021_St_Gallen/SDA_2021_St_Gallen_Prediction_of_BTC_energy_consumption/;SDA_2021_St_Gallen_Prediction_of_BTC_energy_consumption-10;Loads BTC and ETH energy time series data, performs EDA and visualizes descriptive statistics;BTC, ETH, bitcoin, ethereum, energy, visualization, descriptive statistics, EDA, time series;SDA_2021_St_Gallen/SDA_2021_St_Gallen_Prediction_of_BTC_energy_consumption/backup/02_statistics.ipynb;ipynb;2;SDA-class;Split it to multiple ones and store the parent one as well
QuantLet/SDA_2021_St_Gallen;SDA_2021_St_Gallen/SDA_2021_St_Gallen_Prediction_of_BTC_energy_consumption/;SDA_2021_St_Gallen_Prediction_of_BTC_energy_consumption-11;Loads BTC energy time series, determines rolling statistics, performs statistics augmented dickey fuller test, and visualizes resutls;BTC, time series, statistics, statistical test, augmented dickey fuller, visualization, stationarity;SDA_2021_St_Gallen/SDA_2021_St_Gallen_Prediction_of_BTC_energy_consumption/backup/02_statistics_AB.ipynb;ipynb;2;SDA-class;Split it to multiple ones and store the parent one as well
QuantLet/SDA_2021_St_Gallen;SDA_2021_St_Gallen/SDA_2021_St_Gallen_Prediction_of_BTC_energy_consumption/;SDA_2021_St_Gallen_Prediction_of_BTC_energy_consumption-12;Performs forecasting using cross validation and time series split using ARMA;BTC, energy, forecasting, arma, cross validation, time series, time series split, RMSE;SDA_2021_St_Gallen/SDA_2021_St_Gallen_Prediction_of_BTC_energy_consumption/backup/03_Cross validation.ipynb;ipynb;0;SDA-class;Split it to multiple ones and store the parent one as well
QuantLet/SDA_2021_St_Gallen;SDA_2021_St_Gallen/SDA_2021_St_Gallen_Prediction_of_BTC_energy_consumption/;SDA_2021_St_Gallen_Prediction_of_BTC_energy_consumption-13;Loads BTC energy and price data, performs statistical test on stationarity - augmented dickey fuller test, as well as granger causality. Moreover, performs forecasting using VAR and VARMAX. Visualizes the results;BTC, energy, time series, forecasting, statistical test, augmented dickey fuller, stationarity, granger causality, VARMAX, VAR, visualization;SDA_2021_St_Gallen/SDA_2021_St_Gallen_Prediction_of_BTC_energy_consumption/backup/03_forecast_VAR_AB.ipynb;ipynb;2;SDA-class;Split it to multiple ones and store the parent one as well
QuantLet/SDA_2021_St_Gallen;SDA_2021_St_Gallen/SDA_2021_St_Gallen_Prediction_of_BTC_energy_consumption/;SDA_2021_St_Gallen_Prediction_of_BTC_energy_consumption-14;Loads BTC energy and price data.. Moreover, performs forecasting using ARIMA. Performs evaluations using RMSE and and Visualizes the results;BTC, energy, time series, forecasting, ARIMA, visualization, RMSE;SDA_2021_St_Gallen/SDA_2021_St_Gallen_Prediction_of_BTC_energy_consumption/backup/ARIMA_AB.ipynb;ipynb;2;SDA-class;Split it to multiple ones and store the parent one as well
QuantLet/Pink_Noise;Same;Pink_Noise;Creates pink noise time series and visualizes it: we generate the pink noise using AR model with high positive alpha and produce ACF and PACF plots.;Spectral Analysis, Pink Noise, Autocorrelation function (ACF), Partial Autocorrelation function (PACF) , visualization, time series;;ipynb;1;;
QuantLet/p2pInterestRate;Parent;;;;;;;;
QuantLet/p2pInterestRate;p2pInterestRate/ratesPlots/;ratePlots;Interest rate plots of USDC hourly borrowing rate on Compound, AAVE v1 and v2. ;p2p, lending, crypto, CP2P, interest rate, borrowing rate, stochastics, time series;p2pInterestRate/ratesPlots/ratePlots.ipynb;ipynb;1;;
QuantLet/p2pInterestRate;p2pInterestRate/semiParametricModel/;semiParametricModel;Load the USDC time series data. Performs kernel regression to estimate the conditional instantaneous moments of CP2P borrowing rate. Visualizes results;p2p, lending, crypto, CP2P, interest rate, borrowing rate, stochastics, kernel method, time series;p2pInterestRate/semiParametricModel/semiParametricModel.ipynb;ipynb;1;;
QuantLet/VAR_Metis;Same;VAR_Metis;Reads the data and performs Granger Causality as well as plots time series adn the stationarity test;Granger causality, visualization, time series, statistical test, Augmented Dickey–Fuller test, stationarity;VAR_Metis/VAR_Example.ipynb;ipynb;2;METIS;
QuantLet/VAR_Metis;Same;VAR_Metis-2;Reads the data and performs Granger Causality as well as plots time series. Performs cointegration as well as stationarity test;Granger causality, visualization, time series, statistical test, augemented dickey fuler test, sationarity, cointegration test;VAR_Metis/VAR_Example_ABO_20210911.ipynb;ipynb;2;METIS;
QuantLet/UStatistics;Parent;;;;;;;;
QuantLet/UStatistics;UStatistics/ustatboot/;ustatboot;Example of bootstrap application to estimate performance measures of U-Statistics;U, Statistic, bootstrap, performance measure, variance, bias, unbiased;UStatistics/ustatboot/ustatboot.ipynb;ipynb;2;;latex
QuantLet/UStatistics;UStatistics/ustatvar/;ustatvar;Comparison of variances of U-Statistics and alternative unbiased estimators;U, Statistic, variance, bias, unbiased;UStatistics/ustatvar/ustatvar.ipynb;ipynb;2;;latex
QuantLet/Tukey;Parent;;;;;;;;
QuantLet/Tukey;Tukey/TukeyContour/;TukeyContour;TukeyContour produces bivariate parametric contour plots of tukey transformed variables;tukey, tukeygh, tukeygh transformation, transformation, skew, kurtosis, heavy tails, visualization;Tukey/TukeyContour/TukeyContour.ipynb;ipynb;0;;
QuantLet/Tukey;Tukey/TukeyEmpirical/;TukeyEmpirical;TukeyEmpirical estimates parameters g and h by matching the skew and the kurtosis of Tukey g- and h- transformations to the empirical sample equivalents;tukey, tukeygh, tukeygh transformation, transformation, skew, kurtosis, heavy tails, descriptive statistics, statistics;Tukey/TukeyEmpirical/TukeyEmpirical.ipynb;ipynb;0;;
QuantLet/Tukey;Tukey/TukeyPCurve/;TukeyPCurve;TukeyPCurve produces a plot of a parametric curve;tukey, tukeygh, tukeygh transformation, transformation, skew, kurtosis, heavy tails, visualization;Tukey/TukeyPCurve/TukeyPCurve.ipynb;ipynb;2;;
QuantLet/Tukey;Tukey/TukeyPDF/;TukeyPDF;TukeyPDF produces parametric plots of Tukey g- and h-transformed variables;tukey, tukeygh, tukeygh transformation, transformation, skew, kurtosis, heavy tails, visualization;Tukey/TukeyPDF/TukeyPDF.ipynb;ipynb;2;;
QuantLet/Tukey;Tukey/TukeyQQ/;TukeyQQ;TukeyQQ plots quantiles based on a simulated sample from Tukey g- and h- transformed variables vs standard normal quantiles. TukeyQQ also plots quantiles based on daily Ether returns;tukey, tukeygh, tukeygh transformation, transformation, skew, kurtosis, heavy tails, visualization;Tukey/TukeyQQ/TukeyQQ.ipynb;ipynb;2;;
QuantLet/Tukey;Tukey/TukeyQuantiles/;TukeyQuantiles;TukeyQuantiles calculates quantiles for g- and h- modified standard normal random variable;tukey, tukeygh, tukeygh transformation, transformation, skew, kurtosis, heavy tails, quantiles;Tukey/TukeyQuantiles/TukeyQuantiles.ipynb;ipynb;0;;
QuantLet/Tukey;Tukey/TukeyTransformPlot/;QuantLet/Tukey;TukeyQuantilePlot produces plots displaying the effect on quantiles after the tukey g- and h- transformation';tukey, tukeygh, tukeygh transformation, transformation, skew, kurtosis, heavy tails, visualization;Tukey/TukeyTransformPlot/TukeyTransformPlot.ipynb;ipynb;2;;
QuantLet/CP2P;Parent;;;;;;;;
QuantLet/CP2P;CP2P/CP2P_AAVEv1/;QuantLet/CP2P;Empirical analysis of on-chain data p2p lending time series from Aave v1. Loads the data, performs EDA and preprocessing, creates visualization;CP2P, P2P Lending, Aave v1, Collateralized Loan, Blockchain, visualization, time series, preprocessing, crypto;CP2P/CP2P_AAVEv1/CP2P_AAVEv1.ipynb;ipynb;1;;
QuantLet/CP2P;CP2P/CP2P_coinliqu/;CP2P_coinliqu;Illustration of Aave´s coin liquidation mechanism based on a theoretical CP2P contract for June 2021 and historical ETH prices.  Visualizes collateral time series, ist thresholds, price of ETH;CP2P, coin liquidation, P2P Lending, Aave v1, collateralized loan, visualization, preprocessing, time series, ETH, crypto;CP2P/CP2P_coinliqu/CP2P_coinliqu.ipynb;ipynb;1;;
QuantLet/CP2P;CP2P/CP2P_smoothfit/;CP2P_smoothfit;Solution to the attempt of finding an optimal exercise strategy for a CP2P contract based on Aave´s lending pool mechanism.  Plotting the function shows, that there is no root and therefore no optimal exercise strategy, if continuous price paths are considered. ;;CP2P/CP2P_smoothfit/CP2P_smoothfit.ipynb;ipynb;1;;potentially difficult to use
QuantLet/21-SFM1-TS-Project-Xingjia-Wang;Same;SFM_Rough_Rice_Futures_Price;(S)ARIMA Model for Rough Rice Futures Price from 2011 to 2021: loads the time series data on rice price, visualizes it, preprocess the data. Performs statistical test on stationarity - augmented dickey fuller test, does forecasting using ARIMA, statespace SARIMA mode. Does predictionsl;Time series, ARIMA, stationarity, first difference, Augmented Dickey-Fuller test, PACF, ACF, Price Forecasting, forecasting, SARIMAX, statespace model, visualization;21-SFM1-TS-Project-Xingjia-Wang/21 SFM1 TS Project Xingjia Wang.ipynb;ipynb;1;SFM-class;
QuantLet/EPF;Same;EPF;Hybrid model for Electricity Price Forecasting EPF: loads the data, preprocess it , performs random forest as well as hyperparametere tuning using grid search. Performance inference and results visualization;Electricity Price Forecasting, Statistical methods, data decomposition, Accuracy, ML, time series, random forest, visualization;EPF/Multivariate_Random_Forest.ipynb;ipynb;1;;
QuantLet/fit_IV_DEJD;Same;fit_IV_DEJD;Fit market IV surface by double exponential jump diffusion model and visualizes the results;p2p, lending, crpyto, CP2P, interest rate, borrowing rate, stochastics, IV surface, visualization;fit_IV_DEJD/fit_IV_DEJD.ipynb;ipynb;1;;
QuantLet/CRIXHEDGING;Same;;;;;;;;
QuantLet/CRIXHEDGING;Same;BSDELTA;simulates the stochastic process for the time series  option pricing, hedge data and visualizes it;fintech, option, option pricing, hedge, visualization, simulation, stochastic, stochastic process, time series;CRIXHEDGING/BSDELTA.ipynb;ipynb;2;;
QuantLet/CRIXHEDGING;Same;HestonIntegration;Simulates data for option pricing time series,  implements a delta-hedging strategy for a portfolio of financial instruments. The code calculates the profit and loss (PnL) of the portfolio under the delta-hedging strategy. Visualizes the data;heston integration, option, stochastic process, stochastic, simulation, time series, visualization;CRIXHEDGING/HestonIntegration (4)-Copy1.ipynb;ipynb;2;;latex
QuantLet/CRIXHEDGING;Same;Dynamic_merton;Simulates data. Analyses merton jump diffusion prices fo the option pricing time series data, calculates higher order greeks and visualizes resutls;merton, merton jumps, jumps, option, stochastic process, stochastic, simulation, time series, visualization, greeks, hedge, black scholes;CRIXHEDGING/Dynamic Merton CORRECT!-Copy1.ipynb;ipynb;2;;
QuantLet/CRIXHEDGING;Same;SVCJ;Simulates data. Calculates implied volatility, computes higher order greeks. Ananlyses Merton Jump Diffusion and heston.  Analyses merton jump diffusion prices fo the option pricing time series data,  visualizes resutls;merton, merton jumps, heston,  jumps, option, stochastic process, stochastic, simulation, time series, visualization, greeks, hedge;CRIXHEDGING/SVCJ.ipynb;ipynb;2;;
QuantLet/1d_GAN;Parent;;;;;;;;
QuantLet/1d_GAN;1d_GAN/Discriminator/;Discriminator_GAN;GAN discriminator notebook: simulates the data, defines the discriminator, visualization animation. Designed for time series;DL, GAN, generative, visualization, animation, time series;1d_GAN/Discriminator/Discriminator.ipynb;ipynb;3;;
QuantLet/1d_GAN;1d_GAN/Vanilla_GAN/;Vanilla_GAN;Vanilla GAN notebook: defines functions to generate the data, generator, discriminator. Creates visualization and animation. Performs training of the generator and discriminator. Designed for time series;DL, GAN, generative, visualization, animation, time series;1d_GAN/Vanilla_GAN/GAN.ipynb;ipynb;2;;
QuantLet/1d_GAN;1d_GAN/Wasserstein_GAN/;Wasserstein_GAN;Wasserstein GAN notebook: defines functions to generate the data, generator, discriminator. Creates visualization and animation. Performs training of the generator and discriminator. Designed for time series;DL, GAN, generative, visualization, animation, time series, Wasserstein GAN;1d_GAN/Wasserstein_GAN/WGAN.ipynb;ipynb;2;;
QuantLet/LoadBTC;Parent;loadbtc;Load BTC options time series data from a CSV file and plot in multiple colors.;BTC, visualization, time series;LoadBTC/LoadBTC.ipynb;ipynb;1;;
QuantLet/SDA_2020_St_Gallen;Parent;;;;;;;;
QuantLet/SDA_2020_St_Gallen;SDA_2020_St_Gallen/Cryptocurrencies_Clustering/;SDA_2020_Cryptocurrencies_Clustering;Loads the coin gecko prices and returns crypto time series, preforms EDA and preprocessing, makes a stationarity test, augmented dickey fuller, as well as autocorrelation test analysis. Depicts descriptive statistics, performs clustering using k-means, as well as dimensionality reduction using PCA and visualizes the results. Additionally it performs factor analysis. Clustering cryptocurrencies using K-Means after having reduced the information with a PCA and Factor Analysis and using rolling windows of 14 days;crypto, time series, fintech, clustering, dimensionality reduction, coin gecko, statistical test, autocorrelation, augmented dickey fuller, PCA, rolling window, factor analysis, visualization;SDA_2020_St_Gallen/Cryptocurrencies_Clustering/SDA_Project.ipynb;ipynb;2;SDA-class;
QuantLet/SDA_2020_St_Gallen;SDA_2020_St_Gallen/SDA_2020_St_Gallen_Bitcoin_Sentiment_Analysis_Using_Tweets/;SDA_2020_St_Gallen_Bitcoin_Sentiment_Analysis_Using_Tweets;Loads the text twitter data on BTC  using the API, performs preprocessing - cleaning, loads the time series data on prices, performs analysis of autocorrelation, derivatives and creates scagnostics analysis. Visualizes results;NLP, twitter, API, scraping, download, crawling, preprocessing, sentiment, autocorrelation, derivative, scagnostics, visualization;SDA_2020_St_Gallen/SDA_2020_St_Gallen_Bitcoin_Sentiment_Analysis_Using_Tweets/SDA_2020_St_Gallen_Bitcoin_Sentiment_Analysis_Using_Tweets.py ;py;1;SDA-class;
QuantLet/SDA_2020_St_Gallen;SDA_2020_St_Gallen/SDA_2020_St_Gallen_CryptoBot/SDA_2020_St_Gallen_01_DataImport/;SDA_2020_St_Gallen_01_DataImport;downloading, Preprocessing and visualization of data.  This quantlet downloads  data from a github repository using the API, which is minutely data of BTC/USD from Binance of the years 2013 to 2019. ;Bot, BTC, Bitcoin, Time series, , fintech, crypto, API;SDA_2020_St_Gallen/SDA_2020_St_Gallen_CryptoBot/SDA_2020_St_Gallen_01_DataImport/SDA_2020_St_Gallen_01_DataImport.py ;py;1;SDA-class;
QuantLet/SDA_2020_St_Gallen;SDA_2020_St_Gallen/SDA_2020_St_Gallen_CryptoBot/SDA_2020_St_Gallen_02_Simulations/;SDA_2020_St_Gallen_02_Simulations;Loads the data, performs simulation and preprocessing of time series with QlearningVisualization Results from the Monte Carlo Simulation;Bot, BTC, Bitcoin, Timeseries, crypto, Qlearning, reinforcement, simulation,, monte carlo, portfolios;SDA_2020_St_Gallen/SDA_2020_St_Gallen_CryptoBot/SDA_2020_St_Gallen_02_Simulations/SDA_2020_St_Gallen_02_Simulations.py ;py;0;SDA-class;
QuantLet/SDA_2020_St_Gallen;SDA_2020_St_Gallen/SDA_2020_St_Gallen_CryptoBot/SDA_2020_St_Gallen_03_VisualizeSimulations/;SDA_2020_St_Gallen_03_VisualizeSimulations;Loads the data, preprocess it, creates plots  visualization. Plotting various perfomance graphes for simulated technical trading strategies.;BTC, time series, statistics, visualization, portfolios, fintech;SDA_2020_St_Gallen/SDA_2020_St_Gallen_CryptoBot/SDA_2020_St_Gallen_03_VisualizeSimulations/SDA_2020_St_Gallen_03_VisualizeSimulations.py ;py;1;SDA-class;
QuantLet/SDA_2020_St_Gallen;SDA_2020_St_Gallen/SDA_2020_St_Gallen_CryptoBot/SDA_2020_St_Gallen_04_VisualizeMonteCarlo/;SDA_2020_St_Gallen_04_VisualizeMonteCarlo;Here the monte carlo simulations performed in the quantlet 'SDA_2020_St_Gallen_02_Simulations' are plotted. First, loads the data, then performs visualization with a plot showing the performance of the q-learning.;BTC, time series, monte carlo, visualization, simulation;SDA_2020_St_Gallen/SDA_2020_St_Gallen_CryptoBot/SDA_2020_St_Gallen_04_VisualizeMonteCarlo/SDA_2020_St_Gallen_04_VisualizeMonteCarlo.py ;py;1;SDA-class;
QuantLet/SDA_2020_St_Gallen;SDA_2020_St_Gallen/SDA_2020_St_Gallen_Financial_Performance_Clustering/;SDA_2020_Financial_Performance_Clustering;Scrape S&P 500 component stocks from the start of pandemic, loads the data, preprocess it, calculates moments and descriptive statistics,  and conducts  clustering of  their performance using different clusering methods;scraping,Financial Performance, Hierarchical , Agglomerative, K-means, clustering, time series, fintech;SDA_2020_St_Gallen/SDA_2020_St_Gallen_Financial_Performance_Clustering/SDA_2020_Financial_Performance_Clustering.py;py;1;SDA-class;
QuantLet/SDA_2020_St_Gallen;SDA_2020_St_Gallen/SDA_2020_St_Gallen_Polarity_Based_Sentiment_Analysis/;SDA_2020_St_Gallen_Polarity_Based_Sentiment_Analysis;Loads the text data, preprocess it, visualizes the wordcloud,performs Polarity Based Sentiment Analysis and linear regression to find the effect of Reddit Submissions on Bitcoin and Ethereum;NLP, sentiment, Linear Regression, OLS, Sentiment Analysis, GridSearch, Polarity, preprocessing, crypto, BTC, ETH, fintech;SDA_2020_St_Gallen/SDA_2020_St_Gallen_Polarity_Based_Sentiment_Analysis/SDA_2020_St_Gallen_Polarity_Based_Sentiment_Analysis.py;py;1;SDA-class;
QuantLet/SDA_2020_St_Gallen;SDA_2020_St_Gallen/SDA_2020_St_Gallen_SentimentAnalysis_SNB_Statements/SDA_2020_St_Gallen_01_Data_Collection/;SDA_2020_St_Gallen_01_Data_Collection;Scraping all the Swiss National Bank Monetary Policy Assessments from 2000 to 2020. Preprocessign the data. Reading in the pdf files and save as excel file;downloading, scraping, Textmining, NLP, fintech, preprocessing, fintech;SDA_2020_St_Gallen/SDA_2020_St_Gallen_SentimentAnalysis_SNB_Statements/SDA_2020_St_Gallen_01_Data_Collection/SDA_2020_St_Gallen_01_Data_Collection.py;py;1;SDA-class;
QuantLet/SDA_2020_St_Gallen;SDA_2020_St_Gallen/SDA_2020_St_Gallen_SentimentAnalysis_SNB_Statements/SDA_2020_St_Gallen_02_Cleaning_EDA/;SDA_2020_St_Gallen_02_Cleaning_EDA;Loads text data, preprocess it, identifies the polarity - sentiment, preforms EDA and results visualization;NLP, Cleaning, Sentiment, topic modelling,  Latent Dirichlet Allocation, unsupervised, visualization, fintech;SDA_2020_St_Gallen/SDA_2020_St_Gallen_SentimentAnalysis_SNB_Statements/SDA_2020_St_Gallen_01_Data_Collection/SDA_2020_St_Gallen_01_Data_Collection.py;py;1;SDA-class;
QuantLet/SDA_2020_St_Gallen;SDA_2020_St_Gallen/SDA_2020_St_Gallen_SentimentAnalysis_SNB_Statements/SDA_2020_St_Gallen_03_Sentiment_Analysis/;SDA_2020_St_Gallen_03_Sentiment_Analysis;Loads the text data, builds a sentiment indicator with counts of positive and negative words of the SNB monetary policy assessments and visualizes the results;NLP, fintech, visualization, Dictionary-based, Sentiment Analysis, Classification;SDA_2020_St_Gallen/SDA_2020_St_Gallen_SentimentAnalysis_SNB_Statements/SDA_2020_St_Gallen_03_Sentiment_Analysis/SDA_2020_St_Gallen_03_Sentiment_Analysis.py ;py;1;SDA-class;
QuantLet/SDA_2020_St_Gallen;SDA_2020_St_Gallen/SDA_2020_St_Gallen_SentimentAnalysis_SNB_Statements/SDA_2020_St_Gallen_04_Forecasting/;SDA_2020_St_Gallen_04_Forecasting;Loads the time series  and sentiment text data, preprocess it, makes visualization and performs forecastin using linear regression, elastic net and ranfom forest. Moreover conducts grid search parameter tuning. Visualizes results;NLP, fintech, visualization, time series, forecasting,  Sentiment Analysis, Classification, TML, random forest, linear regression, elastic net;SDA_2020_St_Gallen/SDA_2020_St_Gallen_SentimentAnalysis_SNB_Statements/SDA_2020_St_Gallen_04_Forecasting/SDA_2020_St_Gallen_04_Forecasting.py;py;1;SDA-class;
QuantLet/CACrypto;Parent;;;;;;;;
QuantLet/CACrypto;CACrypto/Code for analyses/cacc_factorreg/;cacc_factorreg;Loads conditional autoencoder model, Loads the time series data on crypto portfolios, computes factors and runs an OLS regression  on it, prints the regression summary;time series, linear regression, time series, factor, risk, crypto;CACrypto/Code for analyses/cacc_factorreg/Analysis Factor Interpretation.ipynb;ipynb;0;Thesis;
QuantLet/CACrypto;CACrypto/Code for analyses/cacc_feateng/;cacc_feateng;Loads the time series crypto dataon prices and blockchain and on yield curve rates, computes daily returns and excess returns for the coins, preprocess data. And computes other features. Performs visualization;preprocessing, feature engineering, crypto, fintech, time series, visualization;CACrypto/Code for analyses/cacc_feateng/Cryptocompare feature engineering v3.ipynb;ipynb;2;Thesis;
QuantLet/CACrypto;CACrypto/Code for analyses/cacc_ipca/;cacc_ipca;Loads conditional autoencoder model, performs IPCA on the crypo time series data, identifies latent factors, conducts evaluation, computes R squared;IPCA, PCA, factors, fintech, crypto, time series;CACrypto/Code for analyses/cacc_ipca/IPCA implementation v4.ipynb;ipynb;0;Thesis;
QuantLet/CACrypto;CACrypto/Code for analyses/cacc_premiadays/;cacc_premiadays;Loads conditional autoencoder model, computes predictions with autoencoder, evaluates the results, visualization of resutls;autoencoder, DL, forecasting, ML, visualization, fintech;CACrypto/Code for analyses/cacc_premiadays/Analysis Temporal Stability Factors v3.ipynb;ipynb;2;Thesis;
QuantLet/CACrypto;CACrypto/Code for analyses/cacc_varimp/cacc_varimp;;Loads conditional autoencoder model, create predictions, analyzes and visualize the variable importance  for the estimation of conditional risk exposures.;variable importance, interpretability, time series, fintech, visualization, autoencoder, DL, ML, forecasting ;CACrypto/Code for analyses/cacc_varimp/Analysis Variable Importance v2.ipynb;ipynb;2;Thesis;
QuantLet/CACrypto;CACrypto/Code for analyses/cacc_windowsize/;cacc_windowsize;Loads conditional autoencoder model, computes predictions vor variying training window lengths, hyperparameter tuning;fintech, time series, hyperparameter tuning;CACrypto/Code for analyses/cacc_windowsize/Full Model Cryptocompare Data v15a.ipynb;ipynb;0;Thesis;multiple notebooks with the same name and diff params
QuantLet/CACrypto;CACrypto/Code for plots/cacc_comptable/;cacc_comptable;Prints the results as table, prints results as latex;fintech, latex, result, crypto;CACrypto/Code for plots/cacc_comptable/Table CA vs IPCA.ipynb;ipynb;0;Thesis;
QuantLet/CACrypto;CACrypto/Code for plots/cacc_desc/;cacc_desctable;Loads conditional autoencoder model, creates the table for the descriptive statistics of the input features. Visualizes correlation matrix;fintech,  result, autoecnoder, DL, ML, crypto;CACrypto/Code for plots/cacc_desc/Plot Descriptive Statistics.ipynb;ipynb;2;Thesis;
QuantLet/CACrypto;CACrypto/Code for plots/cacc_extremeret/;cacc_extremeret;Loads the time series data, preprocess it  and visualizes them;fintech,  crypto, EDA, visualization;CACrypto/Code for plots/cacc_extremeret/Plot Extreme Returns.ipynb;ipynb;2;Thesis;
QuantLet/CACrypto;CACrypto/Code for plots/cacc_overfplot/;cacc_overfplot;Loads conditional autoencoder model,  visualization of overfitting and hyperparameter tuning results;fintech, autoencoder time series, asset, crypto, hyperparameter tuning, optimization, visualization ;CACrypto/Code for plots/cacc_overfplot/Plot Overfitting.ipynb;ipynb;2;Thesis;
QuantLet/CACrypto;CACrypto/Code for plots/cacc_premiaplot/;cacc_premiaplot;Loads conditional autoencoder model,   visualization of hyperparameter tuning analysis over days;fintech, autoencoder time series, asset, crypto, hyperparameter tuning, optimization, visualization ;CACrypto/Code for plots/cacc_premiaplot/Plot Estimation Days Risk Premia.ipynb;ipynb;2;Thesis;
QuantLet/CACrypto;CACrypto/Code for plots/cacc_timeplot/;cacc_timeplot;Loads conditional autoencoder model,  visualization of analysis over time;fintech, autoencoder time series, asset, crypto,  visualization ;CACrypto/Code for plots/cacc_timeplot/Plot Performance over Time.ipynb;ipynb;2;Thesis;
QuantLet/CACrypto;CACrypto/Code for plots/cacc_varimpplot/;cacc_varimpplot;Loads conditional autoencoder model,  visualization of variable importance;fintech, autoencoder time series, asset, crypto,  visualization , variable importance;CACrypto/Code for plots/cacc_varimpplot/Plots Variable Importance.ipynb;ipynb;2;Thesis;
QuantLet/CACrypto;CACrypto/Code for plots/cacc_windowplot/;cacc_windowplot;Creates data set, visualization of training windows size;fintech, autoencoder time series, asset, crypto,  visualization , window size;CACrypto/Code for plots/cacc_windowplot/Plots Window Size.ipynb;ipynb;2;Thesis;
QuantLet/SCG_Scagnostics;SCG_Scagnostics/SCGscagnostics/;SCGScagnostics;Loads the data, creates visualization ;scagnostics, visualization, descriptive statistics;SCG_Scagnostics/SCGscagnostics/SCG_accelerators.ipynb;ipynb;2;METIS;
QuantLet/Financial-Report-Analysis-BERT-W2V-GLOVE;Same;fin-rep-LLE;Loads the data, preprocess it by conducting dimensionality reduction using LLE,  and creates visualization;NLP, financial report, dimensionality reduction, LLE, ;Financial-Report-Analysis-BERT-W2V-GLOVE/LLE_wordEmbeddings.ipynb;ipynb;1;;
QuantLet/Financial-Report-Analysis-BERT-W2V-GLOVE;Same;'Financial Report Analysis BERT W2V GLOVE';Loadds the data, creates embedding using transformers BERT;NLP. BERT, transformers, DL, preprocessing, embeddings;Financial-Report-Analysis-BERT-W2V-GLOVE/main.ipynb;ipynb;1;;
QuantLet/AOBDL_code;Parent;;;;;;;;
QuantLet/AOBDL_code;AOBDL_code/AOBDL_BERT/;AOBDL_BERT;Loads the FB text data, preprocess it for the training, runs BERT training,  fine tuning on all layers within a cross validation loop, performs test predictions;BERT, NLP, cyberbullying, classification, transformers, DL, cross validation, FB, fine-tuning;AOBDL_code/AOBDL_BERT/AOBDL_BERT_facebook.ipynb;ipynb;0;;
QuantLet/AOBDL_code;AOBDL_code/AOBDL_BERT/;AOBDL_BERT-1;Loads the Wikipedia text data, preprocess it for the training, runs BERT training,  fine tuning on all layers  within a cross validation loop, performs test predictions;BERT, NLP, cyberbullying, classification, transformers, DL, cross validation, wikipedia, fine-tuning;AOBDL_code/AOBDL_BERT/AOBDL_BERT.ipynb;ipynb;0;;
QuantLet/AOBDL_code;AOBDL_code/AOBDL_BERT/;AOBDL_BERT-2;Loads the formspring text data, preprocess it for the training, runs BERT training,  fine tuning on all layers  within a cross validation loop, performs test predictions;BERT, NLP, cyberbullying, classification, transformers, DL, cross validation, formspring, fine-tuning;AOBDL_code/AOBDL_BERT/AOBDL_BERT_formspring.ipynb;ipynb;0;;
QuantLet/AOBDL_code;AOBDL_code/AOBDL_BERT/;AOBDL_BERT-3;Loads the twitter text data, preprocess it for the training, runs BERT training,  fine tuning on all layers  within a cross validation loop, performs test predictions;BERT, NLP, cyberbullying, classification, transformers, DL, cross validation, twitter, fine-tuning;AOBDL_code/AOBDL_BERT/AOBDL_BERT_twitter.ipynb;ipynb;0;;
QuantLet/AOBDL_code;AOBDL_code/AOBDL_BERT/;AOBDL_BERT-4;Loads the FB text data, preprocess it for the training, runs distillBERT training,  fine tuning on all layers within a cross validation loop, performs test predictions;distillBERT, NLP, cyberbullying, classification, transformers, DL, cross validation, FB, fine-tuning;AOBDL_code/AOBDL_BERT/AOBDL_DistillBERT_facebook.ipynb;ipynb;0;;
QuantLet/AOBDL_code;AOBDL_code/AOBDL_BERT/;AOBDL_BERT-5;Loads the Wikipedia text data, preprocess it for the training, runs distillBERT training,  fine tuning on all layers  within a cross validation loop, performs test predictions;distillBERT, NLP, cyberbullying, classification, transformers, DL, cross validation, wikipedia, fine-tuning;AOBDL_code/AOBDL_BERT/AOBDL_DistillBERT.ipynb;ipynb;0;;
QuantLet/AOBDL_code;AOBDL_code/AOBDL_BERT/;AOBDL_BERT-6;Loads the formspring text data, preprocess it for the training, runs distillBERT training,  fine tuning on all layers  within a cross validation loop, performs test predictions;distillBERT, NLP, cyberbullying, classification, transformers, DL, cross validation, formspring, fine-tuning;AOBDL_code/AOBDL_BERT/AOBDL_DistillBERT_formspring.ipynb;ipynb;0;;
QuantLet/AOBDL_code;AOBDL_code/AOBDL_BERT/;AOBDL_BERT-7;Loads the twitter text data, preprocess it for the training, runs distillBERT training,  fine tuning on all layers  within a cross validation loop, performs test predictions;distillBERT, NLP, cyberbullying, classification, transformers, DL, cross validation, twitter, fine-tuning;AOBDL_code/AOBDL_BERT/AOBDL_DistillBERT_twitter.ipynb;ipynb;0;;
QuantLet/AOBDL_code;AOBDL_code/AOBDL_BERT/;AOBDL_BERT-8;Loads the FB text data, preprocess it for the training, runs BERT training,  fine tuning on last layers within a cross validation loop, performs test predictions;BERT, NLP, cyberbullying, classification, transformers, DL, cross validation, FB, fine-tuning;AOBDL_code/AOBDL_BERT/AOBDL_BERT_last_facebook.ipynb;ipynb;0;;
QuantLet/AOBDL_code;AOBDL_code/AOBDL_BERT/;AOBDL_BERT-9;Loads the Wikipedia text data, preprocess it for the training, runs BERT training,  fine tuning on last layers  within a cross validation loop, performs test predictions;BERT, NLP, cyberbullying, classification, transformers, DL, cross validation, wikipedia, fine-tuning;AOBDL_code/AOBDL_BERT/AOBDL_BERT_last.ipynb;ipynb;0;;
QuantLet/AOBDL_code;AOBDL_code/AOBDL_BERT/;AOBDL_BERT-10;Loads the formspring text data, preprocess it for the training, runs BERT training,  fine tuning on last layers  within a cross validation loop, performs test predictions;BERT, NLP, cyberbullying, classification, transformers, DL, cross validation, formspring, fine-tuning;AOBDL_code/AOBDL_BERT/AOBDL_BERT_last_formspring.ipynb;ipynb;0;;
QuantLet/AOBDL_code;AOBDL_code/AOBDL_BERT/;AOBDL_BERT-11;Loads the twitter text data, preprocess it for the training, runs BERT training,  fine tuning on last layers  within a cross validation loop, performs test predictions;BERT, NLP, cyberbullying, classification, transformers, DL, cross validation, twitter, fine-tuning;AOBDL_code/AOBDL_BERT/AOBDL_BERT_last_twitter.ipynb;ipynb;0;;
QuantLet/AOBDL_code;AOBDL_code/AOBDL_BERT/;AOBDL_BERT-12;Loads the FB text data, preprocess it for the training, runs distillBERT training,  fine tuning on last layers within a cross validation loop, performs test predictions;distillBERT, NLP, cyberbullying, classification, transformers, DL, cross validation, FB, fine-tuning;AOBDL_code/AOBDL_BERT/AOBDL_DistillBERT_last_facebook.ipynb;ipynb;0;;
QuantLet/AOBDL_code;AOBDL_code/AOBDL_BERT/;AOBDL_BERT-13;Loads the Wikipedia text data, preprocess it for the training, runs distillBERT training,  fine tuning on last layers  within a cross validation loop, performs test predictions;distillBERT, NLP, cyberbullying, classification, transformers, DL, cross validation, wikipedia, fine-tuning;AOBDL_code/AOBDL_BERT/AOBDL_DistillBERT_last.ipynb;ipynb;0;;
QuantLet/AOBDL_code;AOBDL_code/AOBDL_BERT/;AOBDL_BERT-14;Loads the formspring text data, preprocess it for the training, runs distillBERT training,  fine tuning on last layers  within a cross validation loop, performs test predictions;distillBERT, NLP, cyberbullying, classification, transformers, DL, cross validation, formspring, fine-tuning;AOBDL_code/AOBDL_BERT/AOBDL_DistillBERT_last_formspring.ipynb;ipynb;0;;
QuantLet/AOBDL_code;AOBDL_code/AOBDL_BERT/;AOBDL_BERT-15;Loads the twitter text data, preprocess it for the training, runs distillBERT training,  fine tuning on last layers  within a cross validation loop, performs test predictions;distillBERT, NLP, cyberbullying, classification, transformers, DL, cross validation, twitter, fine-tuning;AOBDL_code/AOBDL_BERT/AOBDL_DistillBERT_last_twitter.ipynb;ipynb;0;;
QuantLet/AOBDL_code;AOBDL_code/AOBDL_DL/;AOBDL_DL;Loads the wikipedia data, creates cross validation loop and runs different DL models, LSTM, CNN, Hierarchical attention network HAN,  and pseudohierarchical attention network psHAN, ;CNN, LSTM, GRU, HAN, hierarchical,, NLP, cyberbullying, classification, DL, cross validation, wikipedia;AOBDL_code/AOBDL_DL/AOBDL_DL.ipynb;ipynb;0;;
QuantLet/AOBDL_code;AOBDL_code/AOBDL_DL/;AOBDL_DL-1;Loads the FB data, creates cross validation loop and runs different DL models, LSTM, CNN, Hierarchical attention network HAN,  and pseudohierarchical attention network psHAN, ;CNN, LSTM, GRU, HAN, hierarchical,, NLP, cyberbullying, classification, DL, cross validation, FB;AOBDL_code/AOBDL_DL/AOBDL_DL_facebook.ipynb;ipynb;0;;
QuantLet/AOBDL_code;AOBDL_code/AOBDL_DL/;AOBDL_DL-2;Loads the formspring data, creates cross validation loop and runs different DL models, LSTM, CNN, Hierarchical attention network HAN,  and pseudohierarchical attention network psHAN, ;CNN, LSTM, GRU, HAN, hierarchical,, NLP, cyberbullying, classification, DL, cross validation, formspring;AOBDL_code/AOBDL_DL/AOBDL_DL_formspring.ipynb;ipynb;0;;
QuantLet/AOBDL_code;AOBDL_code/AOBDL_DL/;AOBDL_DL-3;Loads the twitter data, creates cross validation loop and runs different DL models, LSTM, CNN, Hierarchical attention network HAN,  and pseudohierarchical attention network psHAN, ;CNN, LSTM, GRU, HAN, hierarchical,, NLP, cyberbullying, classification, DL, cross validation, twitter;AOBDL_code/AOBDL_DL/AOBDL_DL_twitter.ipynb;ipynb;0;;
QuantLet/AOBDL_code;AOBDL_code/AOBDL_LIME/;AOBDL_LIME;Loads the data, trains a transformer model and analyzes with LIME the features;interpretability, transforemers, LIME, NLP;AOBDL_code/AOBDL_LIME/AOBDL_LIME.ipynb;ipynb;2;;
QuantLet/AOBDL_code;AOBDL_code/AOBDL_LIME/;AOBDL_LIME-1;Loads the data, trains a logistic regression model and analyzes with LIME the features to showcase the unintended bias;interpretability, logit, LIME, NLP, unintended bias, fairness;AOBDL_code/AOBDL_LIME/AOBDL_LIME_unintended_bias.ipynb;ipynb;2;;
QuantLet/AOBDL_code;AOBDL_code/AOBDL_TML/;AOBDL_TML;Loads the wikipedia data, creates cross validation loop and runs different traditional machine learning models, ridge regression, SVM, lightgbm,  and random forest and evaluates with ROC AUC and average precision;RF, SVM, lightgbm, ridge, regression, traditional, NLP, cyberbullying, classification, ML, cross validation, wikipedia, AUC ROC, average precision;AOBDL_code/AOBDL_TML/AOBDL_TML.ipynb;ipynb;0;;
QuantLet/AOBDL_code;AOBDL_code/AOBDL_TML/;AOBDL_TML-1;Loads the FB data, creates cross validation loop and runs different traditional machine learning models, ridge regression, SVM, lightgbm,  and random forest and evaluates with ROC AUC and average precision;RF, SVM, lightgbm, ridge, regression, traditional, NLP, cyberbullying, classification, ML, cross validation, FB, AUC ROC, average precision;AOBDL_code/AOBDL_TML/AOBDL_TML_facebook.ipynb;ipynb;0;;
QuantLet/AOBDL_code;AOBDL_code/AOBDL_TML/;AOBDL_TML-2;Loads the formspring data, creates cross validation loop and runs different traditional machine learning models, ridge regression, SVM, lightgbm,  and random forest and evaluates with ROC AUC and average precision;RF, SVM, lightgbm, ridge, regression, traditional, NLP, cyberbullying, classification, ML, cross validation, formspring, AUC ROC, average precision;AOBDL_code/AOBDL_TML/AOBDL_TML_formspring.ipynb;ipynb;0;;
QuantLet/AOBDL_code;AOBDL_code/AOBDL_TML/;AOBDL_TML-3;Loads the twitter data, creates cross validation loop and runs different traditional machine learning models, ridge regression, SVM, lightgbm,  and random forest and evaluates with ROC AUC and average precision;RF, SVM, lightgbm, ridge, regression, traditional, NLP, cyberbullying, classification, ML, cross validation, twitter, AUC ROC, average precision;AOBDL_code/AOBDL_TML/AOBDL_TML_twitter.ipynb;ipynb;0;;
QuantLet/AOBDL_code;AOBDL_code/AOBDL_data_preparation/;AOBDL_data_preparation;Loads the wikipedia data, preprocess it using pandas and regex and nltk, splits into train, test, and saves as csv;preprocessing, NLP, cyberbullying, classification, ML, data split, wikipedia, regex;AOBDL_code/AOBDL_data_preparation/AOBDL_data_preparation.ipynb;ipynb;0;;
QuantLet/AOBDL_code;AOBDL_code/AOBDL_data_preparation/;AOBDL_data_preparation-1;Loads the FB data, preprocess it using pandas and regex and nltk, splits into train, test, and saves as csv;preprocessing, NLP, cyberbullying, classification, ML, data split, FB, regex;AOBDL_code/AOBDL_data_preparation/AOBDL_data_preparation_facebook.ipynb;ipynb;0;;
QuantLet/AOBDL_code;AOBDL_code/AOBDL_data_preparation/;AOBDL_data_preparation-2;Loads the formspring data, preprocess it using pandas and regex and nltk, splits into train, test, and saves as csv;preprocessing, NLP, cyberbullying, classification, ML, data split, formspring, regex;AOBDL_code/AOBDL_data_preparation/AOBDL_data_preparation_formspring.ipynb;ipynb;0;;
QuantLet/AOBDL_code;AOBDL_code/AOBDL_data_preparation/;AOBDL_data_preparation-3;Loads the twitter data, preprocess it using pandas and regex and nltk, splits into train, test, and saves as csv;preprocessing, NLP, cyberbullying, classification, ML, data split, twitter, regex;AOBDL_code/AOBDL_data_preparation/AOBDL_data_preparation_twitter.ipynb;ipynb;0;;
QuantLet/AOBDL_code;AOBDL_code/AOBDL_lexicon/;AOBDL_lexicon;Loads the twitter, FB, wikipedia, formspring data as well as a list of swearwords, and creates the dictionary based classification;NLP, cyberbullying, classification, dictionary based,  twitter, wikipedia, formspring, FB;AOBDL_code/AOBDL_lexicon/AOBDL_lexicon.ipynb;ipynb;0;;
QuantLet/Deribit_inverse_BTC_options_hedging;Same;Deribit_inverse_BTC_options_hedging;Soimulates the data, computes the higher order greeks for the dynamic hedge and plot them over time;inverse BTC options, BTC, options, stochastic, volatility, hedge, greek, fintech, dynamic, visualization, time series, simulation;Deribit_inverse_BTC_options_hedging/Deribit_inverse_BTC_options_hedging.ipynb;ipynb;0;;
;;;;;;;;;
;;;;;;;;;
;;;;;;;;;
;;;;;;;;;
;;;;;;;;;
;;;;;;;;;
;;;;;;;;;
;;;;;;;;;
;;;;;;;;;
;;;;;;;;;
;;;;;;;;;
;;;;;;;;;
;;;;;;;;;
QuantLet/KEC;Parent;;;;;;;;
;;;;;;;;;
QuantLet/IV_implied_fair_premium_curves;Same;IV_implied_fair_premium_curves;Plot fair premium curves from youhodler time series;p2p, p2p lending, no arbitrage, borrowing rate, IV surfaces, yield curves, time series, crypto;IV_implied_fair_premium_curves/IV_implied_fair_premium_curves.ipynb;ipynb;1;;
QuantLet/IV_implied_fair_premium_curves;Same;IV_implied_fair_premium_curves-1;;;IV_implied_fair_premium_curves/Kou_Model_fitToPrice.ipynb;ipynb;1;;What is this one doing
;;;;;;;;;
QuantLet/statsintro-python-2e;;;;;;;;;
;;;;;;;;;
;;;;;;;;;
;;;;;;;;;
;;;;;;;;;
;;;;;;;;;
QuantLet/BDA_P2P;Parent;;;;;;;;
QuantLet/BDA_P2P;BDA_P2P/Use Case IV_experimental/Replication code BDA IV/;;;;;;;;
;;;;;;;;;
;;;;;;;;;
QuantLet/NFT-Index;Same;;;;NFT-Index/Data_summary.ipynb;ipynb;1;;as pdf
QuantLet/hedging_cc;Same;;Code infrastructure for paper Hedging Cryptocurrency Options;TC, hedging, cryptocurrency, cryptocurrency options;;;0;;Split it to multiple ones and store the parent one as well
;;;;;;;;;
;;;;;;;;;
QuantLet/DEDA_RandForest;Parent;;;;;;;;
QuantLet/DEDA_RandForest;;;;;;;;;
QuantLet/DEDA_RandForest;;;;;;;;;
;;;;;;;;;
;;;;;;;;;
QuantLet/DEDA-SoSe2021;Parent;;;;;;;DEDA-class;
QuantLet/DEDA-SoSe2021;DEDA-SoSe2021/Cryptopunks-Transactions-Analysis/;;;;;;;DEDA-class;
QuantLet/DEDA-SoSe2021;;;;;;;;DEDA-class;
QuantLet/DEDA-SoSe2021;;;;;;;;DEDA-class;
QuantLet/DEDA-SoSe2021;;;;;;;;DEDA-class;
QuantLet/DEDA-SoSe2021;;;;;;;;DEDA-class;
QuantLet/DEDA-SoSe2021;;;;;;;;DEDA-class;
QuantLet/DEDA-SoSe2021;;;;;;;;DEDA-class;
QuantLet/DEDA-SoSe2021;;;;;;;;DEDA-class;
QuantLet/DEDA-SoSe2021;;;;;;;;DEDA-class;